<?xml version="1.0" encoding="UTF-8"?>
<definitions xmlns="http://www.omg.org/spec/BPMN/20100524/MODEL" xmlns:xsi="http://www.w3.org/2001/XMLSchema-instance" xmlns:xsd="http://www.w3.org/2001/XMLSchema" xmlns:flowable="http://flowable.org/bpmn" xmlns:bpmndi="http://www.omg.org/spec/BPMN/20100524/DI" xmlns:omgdc="http://www.omg.org/spec/DD/20100524/DC" xmlns:omgdi="http://www.omg.org/spec/DD/20100524/DI" typeLanguage="http://www.w3.org/2001/XMLSchema" expressionLanguage="http://www.w3.org/1999/XPath" targetNamespace="http://www.flowable.org/processdef" exporter="Flowable Open Source Modeler" exporterVersion="6.8.0">
  <process id="leave2" name="请假流程（排他网关）" isExecutable="true">
    <startEvent id="sid-89E90AF7-C7E3-41E2-950B-2E6839D786C5"></startEvent>
    <userTask id="sid-C71F9E7F-D3B0-4993-953E-0369239C673B" name="申请人"></userTask>
    <sequenceFlow id="sid-1DD443AF-11AA-42D4-916C-EE657C89B248" sourceRef="sid-89E90AF7-C7E3-41E2-950B-2E6839D786C5" targetRef="sid-C71F9E7F-D3B0-4993-953E-0369239C673B"></sequenceFlow>
    <exclusiveGateway id="sid-29EBC895-6C15-4DF5-816E-D4DDDBD4858D" default="sid-EE4907F4-17D2-4C67-89F1-FBA1EF481E18"></exclusiveGateway>
    <sequenceFlow id="sid-013CD22D-CE90-4C50-AD06-D28DC59FB958" sourceRef="sid-C71F9E7F-D3B0-4993-953E-0369239C673B" targetRef="sid-29EBC895-6C15-4DF5-816E-D4DDDBD4858D"></sequenceFlow>
    <userTask id="sid-A1E826F7-16C3-464A-93EF-764AB9AE76E4" name="部门领导" flowable:assignee="1">
      <extensionElements>
        <modeler:activiti-idm-assignee xmlns:modeler="http://flowable.org/modeler"><![CDATA[true]]></modeler:activiti-idm-assignee>
        <modeler:assignee-info-email xmlns:modeler="http://flowable.org/modeler"><![CDATA[liyang1987jay@163.com]]></modeler:assignee-info-email>
        <modeler:assignee-info-lastname xmlns:modeler="http://flowable.org/modeler"><![CDATA[疯狂的狮子Li]]></modeler:assignee-info-lastname>
        <modeler:initiator-can-complete xmlns:modeler="http://flowable.org/modeler"><![CDATA[false]]></modeler:initiator-can-complete>
      </extensionElements>
    </userTask>
    <userTask id="sid-415F2C67-7E52-49E4-B4C0-5194B3A26B0E" name="组长" flowable:assignee="1">
      <extensionElements>
        <modeler:activiti-idm-assignee xmlns:modeler="http://flowable.org/modeler"><![CDATA[true]]></modeler:activiti-idm-assignee>
        <modeler:assignee-info-email xmlns:modeler="http://flowable.org/modeler"><![CDATA[liyang1987jay@163.com]]></modeler:assignee-info-email>
        <modeler:assignee-info-lastname xmlns:modeler="http://flowable.org/modeler"><![CDATA[疯狂的狮子Li]]></modeler:assignee-info-lastname>
        <modeler:initiator-can-complete xmlns:modeler="http://flowable.org/modeler"><![CDATA[false]]></modeler:initiator-can-complete>
      </extensionElements>
    </userTask>
    <userTask id="sid-413C8DEF-4AA5-4CCF-9BD6-4A8D8F89D545" name="总经理" flowable:assignee="4">
      <extensionElements>
        <modeler:activiti-idm-assignee xmlns:modeler="http://flowable.org/modeler"><![CDATA[true]]></modeler:activiti-idm-assignee>
        <modeler:assignee-info-lastname xmlns:modeler="http://flowable.org/modeler"><![CDATA[仅本人 密码666666]]></modeler:assignee-info-lastname>
        <modeler:initiator-can-complete xmlns:modeler="http://flowable.org/modeler"><![CDATA[false]]></modeler:initiator-can-complete>
      </extensionElements>
    </userTask>
    <sequenceFlow id="sid-835601B4-AD8F-45EB-AB09-CD9C88A5C0AE" sourceRef="sid-A1E826F7-16C3-464A-93EF-764AB9AE76E4" targetRef="sid-413C8DEF-4AA5-4CCF-9BD6-4A8D8F89D545"></sequenceFlow>
    <endEvent id="sid-A1C9682C-2058-4B60-9B45-3E773617714D"></endEvent>
    <sequenceFlow id="sid-AE172D04-546F-4BB5-B1A6-370F1ED40EC5" sourceRef="sid-413C8DEF-4AA5-4CCF-9BD6-4A8D8F89D545" targetRef="sid-A1C9682C-2058-4B60-9B45-3E773617714D"></sequenceFlow>
    <sequenceFlow id="sid-1318B308-302C-4D66-9417-D9E3AF32C66E" sourceRef="sid-415F2C67-7E52-49E4-B4C0-5194B3A26B0E" targetRef="sid-413C8DEF-4AA5-4CCF-9BD6-4A8D8F89D545"></sequenceFlow>
    <sequenceFlow id="sid-67D2378B-5CF7-4E66-AFA7-E936C528A93A" name="大于两天" sourceRef="sid-29EBC895-6C15-4DF5-816E-D4DDDBD4858D" targetRef="sid-A1E826F7-16C3-464A-93EF-764AB9AE76E4">
      <conditionExpression xsi:type="tFormalExpression"><![CDATA[${entity.leaveDays > 2}]]></conditionExpression>
    </sequenceFlow>
    <sequenceFlow id="sid-EE4907F4-17D2-4C67-89F1-FBA1EF481E18" sourceRef="sid-29EBC895-6C15-4DF5-816E-D4DDDBD4858D" targetRef="sid-415F2C67-7E52-49E4-B4C0-5194B3A26B0E"></sequenceFlow>
  </process>
  <bpmndi:BPMNDiagram id="BPMNDiagram_leave2">
    <bpmndi:BPMNPlane bpmnElement="leave2" id="BPMNPlane_leave2">
      <bpmndi:BPMNShape bpmnElement="sid-89E90AF7-C7E3-41E2-950B-2E6839D786C5" id="BPMNShape_sid-89E90AF7-C7E3-41E2-950B-2E6839D786C5">
        <omgdc:Bounds height="30.0" width="30.0" x="222.0" y="103.0"></omgdc:Bounds>
      </bpmndi:BPMNShape>
      <bpmndi:BPMNShape bpmnElement="sid-C71F9E7F-D3B0-4993-953E-0369239C673B" id="BPMNShape_sid-C71F9E7F-D3B0-4993-953E-0369239C673B">
        <omgdc:Bounds height="80.0" width="100.0" x="297.0" y="78.0"></omgdc:Bounds>
      </bpmndi:BPMNShape>
      <bpmndi:BPMNShape bpmnElement="sid-29EBC895-6C15-4DF5-816E-D4DDDBD4858D" id="BPMNShape_sid-29EBC895-6C15-4DF5-816E-D4DDDBD4858D">
        <omgdc:Bounds height="40.0" width="40.0" x="442.0" y="98.0"></omgdc:Bounds>
      </bpmndi:BPMNShape>
      <bpmndi:BPMNShape bpmnElement="sid-A1E826F7-16C3-464A-93EF-764AB9AE76E4" id="BPMNShape_sid-A1E826F7-16C3-464A-93EF-764AB9AE76E4">
        <omgdc:Bounds height="80.0" width="100.0" x="555.0" y="30.0"></omgdc:Bounds>
      </bpmndi:BPMNShape>
      <bpmndi:BPMNShape bpmnElement="sid-415F2C67-7E52-49E4-B4C0-5194B3A26B0E" id="BPMNShape_sid-415F2C67-7E52-49E4-B4C0-5194B3A26B0E">
        <omgdc:Bounds height="80.0" width="100.0" x="555.0" y="135.0"></omgdc:Bounds>
      </bpmndi:BPMNShape>
      <bpmndi:BPMNShape bpmnElement="sid-413C8DEF-4AA5-4CCF-9BD6-4A8D8F89D545" id="BPMNShape_sid-413C8DEF-4AA5-4CCF-9BD6-4A8D8F89D545">
        <omgdc:Bounds height="80.0" width="100.0" x="735.0" y="90.0"></omgdc:Bounds>
      </bpmndi:BPMNShape>
      <bpmndi:BPMNShape bpmnElement="sid-A1C9682C-2058-4B60-9B45-3E773617714D" id="BPMNShape_sid-A1C9682C-2058-4B60-9B45-3E773617714D">
        <omgdc:Bounds height="28.0" width="28.0" x="900.0" y="116.0"></omgdc:Bounds>
      </bpmndi:BPMNShape>
      <bpmndi:BPMNEdge bpmnElement="sid-AE172D04-546F-4BB5-B1A6-370F1ED40EC5" id="BPMNEdge_sid-AE172D04-546F-4BB5-B1A6-370F1ED40EC5" flowable:sourceDockerX="50.0" flowable:sourceDockerY="40.0" flowable:targetDockerX="14.0" flowable:targetDockerY="14.0">
        <omgdi:waypoint x="834.949999999939" y="130.0"></omgdi:waypoint>
        <omgdi:waypoint x="900.0" y="130.0"></omgdi:waypoint>
      </bpmndi:BPMNEdge>
      <bpmndi:BPMNEdge bpmnElement="sid-EE4907F4-17D2-4C67-89F1-FBA1EF481E18" id="BPMNEdge_sid-EE4907F4-17D2-4C67-89F1-FBA1EF481E18" flowable:sourceDockerX="20.0" flowable:sourceDockerY="20.0" flowable:targetDockerX="50.0" flowable:targetDockerY="40.0">
        <omgdi:waypoint x="481.92630641330163" y="118.0"></omgdi:waypoint>
        <omgdi:waypoint x="504.0" y="118.0"></omgdi:waypoint>
        <omgdi:waypoint x="504.0" y="175.0"></omgdi:waypoint>
        <omgdi:waypoint x="555.0" y="175.0"></omgdi:waypoint>
      </bpmndi:BPMNEdge>
      <bpmndi:BPMNEdge bpmnElement="sid-1318B308-302C-4D66-9417-D9E3AF32C66E" id="BPMNEdge_sid-1318B308-302C-4D66-9417-D9E3AF32C66E" flowable:sourceDockerX="50.0" flowable:sourceDockerY="40.0" flowable:targetDockerX="50.0" flowable:targetDockerY="40.0">
        <omgdi:waypoint x="654.9499999999998" y="162.5"></omgdi:waypoint>
        <omgdi:waypoint x="735.0" y="142.4875"></omgdi:waypoint>
      </bpmndi:BPMNEdge>
      <bpmndi:BPMNEdge bpmnElement="sid-1DD443AF-11AA-42D4-916C-EE657C89B248" id="BPMNEdge_sid-1DD443AF-11AA-42D4-916C-EE657C89B248" flowable:sourceDockerX="15.0" flowable:sourceDockerY="15.0" flowable:targetDockerX="50.0" flowable:targetDockerY="40.0">
        <omgdi:waypoint x="251.94999848995764" y="118.0"></omgdi:waypoint>
        <omgdi:waypoint x="296.9999999999775" y="118.0"></omgdi:waypoint>
      </bpmndi:BPMNEdge>
      <bpmndi:BPMNEdge bpmnElement="sid-835601B4-AD8F-45EB-AB09-CD9C88A5C0AE" id="BPMNEdge_sid-835601B4-AD8F-45EB-AB09-CD9C88A5C0AE" flowable:sourceDockerX="50.0" flowable:sourceDockerY="40.0" flowable:targetDockerX="50.0" flowable:targetDockerY="40.0">
        <omgdi:waypoint x="654.9499999999999" y="86.64999999999998"></omgdi:waypoint>
        <omgdi:waypoint x="735.0" y="113.33333333333333"></omgdi:waypoint>
      </bpmndi:BPMNEdge>
      <bpmndi:BPMNEdge bpmnElement="sid-67D2378B-5CF7-4E66-AFA7-E936C528A93A" id="BPMNEdge_sid-67D2378B-5CF7-4E66-AFA7-E936C528A93A" flowable:sourceDockerX="20.0" flowable:sourceDockerY="20.0" flowable:targetDockerX="50.0" flowable:targetDockerY="40.0">
        <omgdi:waypoint x="481.92630641330163" y="118.0"></omgdi:waypoint>
        <omgdi:waypoint x="504.0" y="118.0"></omgdi:waypoint>
        <omgdi:waypoint x="504.0" y="70.0"></omgdi:waypoint>
        <omgdi:waypoint x="555.0" y="70.0"></omgdi:waypoint>
      </bpmndi:BPMNEdge>
      <bpmndi:BPMNEdge bpmnElement="sid-013CD22D-CE90-4C50-AD06-D28DC59FB958" id="BPMNEdge_sid-013CD22D-CE90-4C50-AD06-D28DC59FB958" flowable:sourceDockerX="50.0" flowable:sourceDockerY="40.0" flowable:targetDockerX="20.0" flowable:targetDockerY="20.0">
        <omgdi:waypoint x="396.9499999999937" y="118.0"></omgdi:waypoint>
        <omgdi:waypoint x="442.0" y="118.0"></omgdi:waypoint>
      </bpmndi:BPMNEdge>
    </bpmndi:BPMNPlane>
  </bpmndi:BPMNDiagram>
</definitions>