<?xml version="1.0" encoding="UTF-8"?>
<definitions xmlns="http://www.omg.org/spec/BPMN/20100524/MODEL" xmlns:xsi="http://www.w3.org/2001/XMLSchema-instance" xmlns:bpmndi="http://www.omg.org/spec/BPMN/20100524/DI" xmlns:omgdc="http://www.omg.org/spec/DD/20100524/DC" xmlns:bioc="http://bpmn.io/schema/bpmn/biocolor/1.0" xmlns:flowable="http://flowable.org/bpmn" xmlns:di="http://www.omg.org/spec/DD/20100524/DI" xmlns:xsd="http://www.w3.org/2001/XMLSchema" targetNamespace="http://www.flowable.org/processdef">
  <process id="leave7" name="请假流程（监听）">
    <startEvent id="startNode1" name="开始">
      <outgoing>Flow_1yf2kr5</outgoing>
    </startEvent>
    <userTask id="Activity_06a55t0" name="申请人" flowable:formKey="static:1773748990794883074">
      <incoming>Flow_1yf2kr5</incoming>
      <outgoing>Flow_1wm1qji</outgoing>
    </userTask>
    <sequenceFlow id="Flow_1yf2kr5" sourceRef="startNode1" targetRef="Activity_06a55t0" />
    <userTask id="Activity_129ysv4" name="组长" flowable:assignee="1">
      <extensionElements>
        <flowable:executionListener delegateExpression="${testLeaveExecutionListener}" event="start" />
      </extensionElements>
      <incoming>Flow_1wm1qji</incoming>
      <outgoing>Flow_1ltkash</outgoing>
    </userTask>
    <sequenceFlow id="Flow_1wm1qji" sourceRef="Activity_06a55t0" targetRef="Activity_129ysv4" />
    <userTask id="Activity_0s4k1fw" name="部门领导" flowable:assignee="1">
      <extensionElements>
        <flowable:taskListener delegateExpression="${testLeaveTaskListener}" event="complete" />
      </extensionElements>
      <incoming>Flow_1ltkash</incoming>
      <outgoing>Flow_1616kal</outgoing>
    </userTask>
    <sequenceFlow id="Flow_1ltkash" sourceRef="Activity_129ysv4" targetRef="Activity_0s4k1fw" />
    <endEvent id="Event_03vch48">
      <incoming>Flow_1616kal</incoming>
    </endEvent>
    <sequenceFlow id="Flow_1616kal" sourceRef="Activity_0s4k1fw" targetRef="Event_03vch48" />
  </process>
  <bpmndi:BPMNDiagram id="BPMNDiagram_flow">
    <bpmndi:BPMNPlane id="BPMNPlane_flow" bpmnElement="leave7">
      <bpmndi:BPMNShape id="BPMNShape_startNode1" bpmnElement="startNode1" bioc:stroke="">
        <omgdc:Bounds x="240" y="200" width="30" height="30" />
        <bpmndi:BPMNLabel>
          <omgdc:Bounds x="242" y="237" width="23" height="14" />
        </bpmndi:BPMNLabel>
      </bpmndi:BPMNShape>
      <bpmndi:BPMNShape id="Activity_06a55t0_di" bpmnElement="Activity_06a55t0">
        <omgdc:Bounds x="320" y="175" width="100" height="80" />
        <bpmndi:BPMNLabel />
      </bpmndi:BPMNShape>
      <bpmndi:BPMNShape id="Activity_129ysv4_di" bpmnElement="Activity_129ysv4">
        <omgdc:Bounds x="470" y="175" width="100" height="80" />
        <bpmndi:BPMNLabel />
      </bpmndi:BPMNShape>
      <bpmndi:BPMNShape id="Activity_0s4k1fw_di" bpmnElement="Activity_0s4k1fw">
        <omgdc:Bounds x="620" y="175" width="100" height="80" />
        <bpmndi:BPMNLabel />
      </bpmndi:BPMNShape>
      <bpmndi:BPMNShape id="Event_03vch48_di" bpmnElement="Event_03vch48">
        <omgdc:Bounds x="772" y="197" width="36" height="36" />
      </bpmndi:BPMNShape>
      <bpmndi:BPMNEdge id="Flow_1yf2kr5_di" bpmnElement="Flow_1yf2kr5">
        <di:waypoint x="270" y="215" />
        <di:waypoint x="320" y="215" />
      </bpmndi:BPMNEdge>
      <bpmndi:BPMNEdge id="Flow_1wm1qji_di" bpmnElement="Flow_1wm1qji">
        <di:waypoint x="420" y="215" />
        <di:waypoint x="470" y="215" />
      </bpmndi:BPMNEdge>
      <bpmndi:BPMNEdge id="Flow_1ltkash_di" bpmnElement="Flow_1ltkash">
        <di:waypoint x="570" y="215" />
        <di:waypoint x="620" y="215" />
      </bpmndi:BPMNEdge>
      <bpmndi:BPMNEdge id="Flow_1616kal_di" bpmnElement="Flow_1616kal">
        <di:waypoint x="720" y="215" />
        <di:waypoint x="772" y="215" />
      </bpmndi:BPMNEdge>
    </bpmndi:BPMNPlane>
  </bpmndi:BPMNDiagram>
</definitions>
