<?xml version="1.0" encoding="UTF-8"?>
<definitions xmlns="http://www.omg.org/spec/BPMN/20100524/MODEL" xmlns:xsi="http://www.w3.org/2001/XMLSchema-instance" xmlns:bpmndi="http://www.omg.org/spec/BPMN/20100524/DI" xmlns:omgdc="http://www.omg.org/spec/DD/20100524/DC" xmlns:bioc="http://bpmn.io/schema/bpmn/biocolor/1.0" xmlns:flowable="http://flowable.org/bpmn" xmlns:di="http://www.omg.org/spec/DD/20100524/DI" xmlns:xsd="http://www.w3.org/2001/XMLSchema" targetNamespace="http://www.flowable.org/processdef">
  <process id="leave6" name="请假流程（子流程）">
    <startEvent id="startNode1" name="开始">
      <outgoing>Flow_1mu0fz5</outgoing>
    </startEvent>
    <userTask id="Activity_0zy3g6j" name="申请人" flowable:formKey="static:1773748990794883074">
      <incoming>Flow_1mu0fz5</incoming>
      <outgoing>Flow_03931vt</outgoing>
    </userTask>
    <sequenceFlow id="Flow_1mu0fz5" sourceRef="startNode1" targetRef="Activity_0zy3g6j" />
    <sequenceFlow id="Flow_03931vt" sourceRef="Activity_0zy3g6j" targetRef="Activity_15to8yb" />
    <subProcess id="Activity_15to8yb">
      <incoming>Flow_03931vt</incoming>
      <outgoing>Flow_0e4ru1l</outgoing>
      <startEvent id="Event_14f0d54">
        <outgoing>Flow_0y1q06j</outgoing>
      </startEvent>
      <userTask id="Activity_0x88dc2" name="组长" flowable:assignee="1">
        <extensionElements />
        <incoming>Flow_0y1q06j</incoming>
        <outgoing>Flow_1kj44n7</outgoing>
      </userTask>
      <sequenceFlow id="Flow_0y1q06j" sourceRef="Event_14f0d54" targetRef="Activity_0x88dc2" />
      <userTask id="Activity_15z7u3k" name="部门副经理" flowable:assignee="1">
        <extensionElements />
        <incoming>Flow_1kj44n7</incoming>
        <outgoing>Flow_1lrkvhq</outgoing>
      </userTask>
      <sequenceFlow id="Flow_1kj44n7" sourceRef="Activity_0x88dc2" targetRef="Activity_15z7u3k" />
      <userTask id="Activity_1p3e8iu" name="部门经理" flowable:assignee="1">
        <extensionElements />
        <incoming>Flow_1lrkvhq</incoming>
        <outgoing>Flow_161ozbd</outgoing>
      </userTask>
      <sequenceFlow id="Flow_1lrkvhq" sourceRef="Activity_15z7u3k" targetRef="Activity_1p3e8iu" />
      <endEvent id="Event_0ategpj">
        <incoming>Flow_161ozbd</incoming>
      </endEvent>
      <sequenceFlow id="Flow_161ozbd" sourceRef="Activity_1p3e8iu" targetRef="Event_0ategpj" />
    </subProcess>
    <userTask id="Activity_03nnma3" name="总经理" flowable:assignee="1">
      <extensionElements />
      <incoming>Flow_0e4ru1l</incoming>
      <outgoing>Flow_19akbau</outgoing>
    </userTask>
    <sequenceFlow id="Flow_0e4ru1l" sourceRef="Activity_15to8yb" targetRef="Activity_03nnma3" />
    <endEvent id="Event_1ixvcma">
      <incoming>Flow_19akbau</incoming>
    </endEvent>
    <sequenceFlow id="Flow_19akbau" sourceRef="Activity_03nnma3" targetRef="Event_1ixvcma" />
  </process>
  <bpmndi:BPMNDiagram id="BPMNDiagram_flow">
    <bpmndi:BPMNPlane id="BPMNPlane_flow" bpmnElement="leave6">
      <bpmndi:BPMNShape id="BPMNShape_startNode1" bpmnElement="startNode1" bioc:stroke="">
        <omgdc:Bounds x="240" y="200" width="30" height="30" />
        <bpmndi:BPMNLabel>
          <omgdc:Bounds x="242" y="237" width="23" height="14" />
        </bpmndi:BPMNLabel>
      </bpmndi:BPMNShape>
      <bpmndi:BPMNShape id="Activity_0zy3g6j_di" bpmnElement="Activity_0zy3g6j">
        <omgdc:Bounds x="320" y="175" width="100" height="80" />
        <bpmndi:BPMNLabel />
      </bpmndi:BPMNShape>
      <bpmndi:BPMNShape id="Activity_0b5ys91_di" bpmnElement="Activity_15to8yb" isExpanded="true">
        <omgdc:Bounds x="460" y="115" width="750" height="200" />
      </bpmndi:BPMNShape>
      <bpmndi:BPMNShape id="Event_14f0d54_di" bpmnElement="Event_14f0d54">
        <omgdc:Bounds x="500.33333333333326" y="197" width="36" height="36" />
      </bpmndi:BPMNShape>
      <bpmndi:BPMNShape id="Activity_0x88dc2_di" bpmnElement="Activity_0x88dc2">
        <omgdc:Bounds x="590" y="175" width="100" height="80" />
        <bpmndi:BPMNLabel />
      </bpmndi:BPMNShape>
      <bpmndi:BPMNShape id="Activity_15z7u3k_di" bpmnElement="Activity_15z7u3k">
        <omgdc:Bounds x="750" y="175" width="100" height="80" />
        <bpmndi:BPMNLabel />
      </bpmndi:BPMNShape>
      <bpmndi:BPMNShape id="Activity_1p3e8iu_di" bpmnElement="Activity_1p3e8iu">
        <omgdc:Bounds x="910" y="175" width="100" height="80" />
        <bpmndi:BPMNLabel />
      </bpmndi:BPMNShape>
      <bpmndi:BPMNShape id="Event_0ategpj_di" bpmnElement="Event_0ategpj">
        <omgdc:Bounds x="1072" y="197" width="36" height="36" />
      </bpmndi:BPMNShape>
      <bpmndi:BPMNEdge id="Flow_0y1q06j_di" bpmnElement="Flow_0y1q06j">
        <di:waypoint x="536" y="215" />
        <di:waypoint x="590" y="215" />
      </bpmndi:BPMNEdge>
      <bpmndi:BPMNEdge id="Flow_1kj44n7_di" bpmnElement="Flow_1kj44n7">
        <di:waypoint x="690" y="215" />
        <di:waypoint x="750" y="215" />
      </bpmndi:BPMNEdge>
      <bpmndi:BPMNEdge id="Flow_1lrkvhq_di" bpmnElement="Flow_1lrkvhq">
        <di:waypoint x="850" y="215" />
        <di:waypoint x="910" y="215" />
      </bpmndi:BPMNEdge>
      <bpmndi:BPMNEdge id="Flow_161ozbd_di" bpmnElement="Flow_161ozbd">
        <di:waypoint x="1010" y="215" />
        <di:waypoint x="1072" y="215" />
      </bpmndi:BPMNEdge>
      <bpmndi:BPMNShape id="Activity_03nnma3_di" bpmnElement="Activity_03nnma3">
        <omgdc:Bounds x="1260" y="175" width="100" height="80" />
        <bpmndi:BPMNLabel />
      </bpmndi:BPMNShape>
      <bpmndi:BPMNShape id="Event_1ixvcma_di" bpmnElement="Event_1ixvcma">
        <omgdc:Bounds x="1412" y="197" width="36" height="36" />
      </bpmndi:BPMNShape>
      <bpmndi:BPMNEdge id="Flow_1mu0fz5_di" bpmnElement="Flow_1mu0fz5">
        <di:waypoint x="270" y="215" />
        <di:waypoint x="320" y="215" />
      </bpmndi:BPMNEdge>
      <bpmndi:BPMNEdge id="Flow_03931vt_di" bpmnElement="Flow_03931vt">
        <di:waypoint x="420" y="215" />
        <di:waypoint x="460" y="215" />
      </bpmndi:BPMNEdge>
      <bpmndi:BPMNEdge id="Flow_0e4ru1l_di" bpmnElement="Flow_0e4ru1l">
        <di:waypoint x="1210" y="215" />
        <di:waypoint x="1260" y="215" />
      </bpmndi:BPMNEdge>
      <bpmndi:BPMNEdge id="Flow_19akbau_di" bpmnElement="Flow_19akbau">
        <di:waypoint x="1360" y="215" />
        <di:waypoint x="1412" y="215" />
      </bpmndi:BPMNEdge>
    </bpmndi:BPMNPlane>
  </bpmndi:BPMNDiagram>
</definitions>
