<?xml version="1.0" encoding="UTF-8"?>
<definitions xmlns="http://www.omg.org/spec/BPMN/20100524/MODEL" xmlns:xsi="http://www.w3.org/2001/XMLSchema-instance" xmlns:xsd="http://www.w3.org/2001/XMLSchema" xmlns:flowable="http://flowable.org/bpmn" xmlns:bpmndi="http://www.omg.org/spec/BPMN/20100524/DI" xmlns:omgdc="http://www.omg.org/spec/DD/20100524/DC" xmlns:omgdi="http://www.omg.org/spec/DD/20100524/DI" typeLanguage="http://www.w3.org/2001/XMLSchema" expressionLanguage="http://www.w3.org/1999/XPath" targetNamespace="http://www.flowable.org/processdef" exporter="Flowable Open Source Modeler" exporterVersion="6.8.0">
  <process id="leave1" name="请假流程（普通流程）" isExecutable="true">
    <startEvent id="sid-D77B45C8-757C-4827-B23E-F5D02F2E05C1"></startEvent>
    <userTask id="sid-79B485F0-0723-42B0-BABE-EFD10B673975" name="申请人"></userTask>
    <sequenceFlow id="sid-966A1A7A-6AAE-44CC-8895-55B6999A3DC6" sourceRef="sid-D77B45C8-757C-4827-B23E-F5D02F2E05C1" targetRef="sid-79B485F0-0723-42B0-BABE-EFD10B673975"></sequenceFlow>
    <userTask id="sid-31C52262-04C3-43D8-A3FB-8434017A6572" name="组长" flowable:candidateUsers="1">
      <extensionElements>
        <modeler:user-info-email-1 xmlns:modeler="http://flowable.org/modeler"><![CDATA[liyang1987jay@163.com]]></modeler:user-info-email-1>
        <modeler:user-info-lastname-1 xmlns:modeler="http://flowable.org/modeler"><![CDATA[疯狂的狮子Li]]></modeler:user-info-lastname-1>
        <modeler:activiti-idm-candidate-user xmlns:modeler="http://flowable.org/modeler"><![CDATA[true]]></modeler:activiti-idm-candidate-user>
        <modeler:initiator-can-complete xmlns:modeler="http://flowable.org/modeler"><![CDATA[false]]></modeler:initiator-can-complete>
      </extensionElements>
    </userTask>
    <sequenceFlow id="sid-1399B96D-134C-46C9-A4D6-0C76FFA3E1A4" sourceRef="sid-79B485F0-0723-42B0-BABE-EFD10B673975" targetRef="sid-31C52262-04C3-43D8-A3FB-8434017A6572"></sequenceFlow>
    <userTask id="sid-CA77A153-DB5A-4497-AF25-15882D2FBDBF" name="部门领导" flowable:candidateGroups="1,2">
      <extensionElements>
        <modeler:group-info-name-1 xmlns:modeler="http://flowable.org/modeler"><![CDATA[超级管理员]]></modeler:group-info-name-1>
        <modeler:group-info-name-2 xmlns:modeler="http://flowable.org/modeler"><![CDATA[普通角色]]></modeler:group-info-name-2>
        <modeler:activiti-idm-candidate-group xmlns:modeler="http://flowable.org/modeler"><![CDATA[true]]></modeler:activiti-idm-candidate-group>
        <modeler:initiator-can-complete xmlns:modeler="http://flowable.org/modeler"><![CDATA[false]]></modeler:initiator-can-complete>
      </extensionElements>
    </userTask>
    <sequenceFlow id="sid-C0697E73-6B8F-459A-9021-FB042BA86934" sourceRef="sid-31C52262-04C3-43D8-A3FB-8434017A6572" targetRef="sid-CA77A153-DB5A-4497-AF25-15882D2FBDBF"></sequenceFlow>
    <endEvent id="sid-5D4B1004-6DB3-469B-AB4B-4C2D4081EE06"></endEvent>
    <sequenceFlow id="sid-A76DACC5-DBC1-44E4-B6DB-71E88400DE87" sourceRef="sid-CA77A153-DB5A-4497-AF25-15882D2FBDBF" targetRef="sid-5D4B1004-6DB3-469B-AB4B-4C2D4081EE06"></sequenceFlow>
  </process>
  <bpmndi:BPMNDiagram id="BPMNDiagram_leave1">
    <bpmndi:BPMNPlane bpmnElement="leave1" id="BPMNPlane_leave1">
      <bpmndi:BPMNShape bpmnElement="sid-D77B45C8-757C-4827-B23E-F5D02F2E05C1" id="BPMNShape_sid-D77B45C8-757C-4827-B23E-F5D02F2E05C1">
        <omgdc:Bounds height="30.0" width="30.0" x="151.0" y="129.0"></omgdc:Bounds>
      </bpmndi:BPMNShape>
      <bpmndi:BPMNShape bpmnElement="sid-79B485F0-0723-42B0-BABE-EFD10B673975" id="BPMNShape_sid-79B485F0-0723-42B0-BABE-EFD10B673975">
        <omgdc:Bounds height="80.0" width="100.0" x="226.0" y="104.0"></omgdc:Bounds>
      </bpmndi:BPMNShape>
      <bpmndi:BPMNShape bpmnElement="sid-31C52262-04C3-43D8-A3FB-8434017A6572" id="BPMNShape_sid-31C52262-04C3-43D8-A3FB-8434017A6572">
        <omgdc:Bounds height="80.0" width="100.0" x="371.0" y="104.0"></omgdc:Bounds>
      </bpmndi:BPMNShape>
      <bpmndi:BPMNShape bpmnElement="sid-CA77A153-DB5A-4497-AF25-15882D2FBDBF" id="BPMNShape_sid-CA77A153-DB5A-4497-AF25-15882D2FBDBF">
        <omgdc:Bounds height="80.0" width="100.0" x="510.0" y="104.0"></omgdc:Bounds>
      </bpmndi:BPMNShape>
      <bpmndi:BPMNShape bpmnElement="sid-5D4B1004-6DB3-469B-AB4B-4C2D4081EE06" id="BPMNShape_sid-5D4B1004-6DB3-469B-AB4B-4C2D4081EE06">
        <omgdc:Bounds height="28.0" width="28.0" x="661.0" y="130.0"></omgdc:Bounds>
      </bpmndi:BPMNShape>
      <bpmndi:BPMNEdge bpmnElement="sid-966A1A7A-6AAE-44CC-8895-55B6999A3DC6" id="BPMNEdge_sid-966A1A7A-6AAE-44CC-8895-55B6999A3DC6" flowable:sourceDockerX="15.0" flowable:sourceDockerY="15.0" flowable:targetDockerX="50.0" flowable:targetDockerY="40.0">
        <omgdi:waypoint x="180.94999848995764" y="144.0"></omgdi:waypoint>
        <omgdi:waypoint x="225.9999999999917" y="144.0"></omgdi:waypoint>
      </bpmndi:BPMNEdge>
      <bpmndi:BPMNEdge bpmnElement="sid-C0697E73-6B8F-459A-9021-FB042BA86934" id="BPMNEdge_sid-C0697E73-6B8F-459A-9021-FB042BA86934" flowable:sourceDockerX="50.0" flowable:sourceDockerY="40.0" flowable:targetDockerX="50.0" flowable:targetDockerY="40.0">
        <omgdi:waypoint x="470.94999999999766" y="144.0"></omgdi:waypoint>
        <omgdi:waypoint x="510.0" y="144.0"></omgdi:waypoint>
      </bpmndi:BPMNEdge>
      <bpmndi:BPMNEdge bpmnElement="sid-1399B96D-134C-46C9-A4D6-0C76FFA3E1A4" id="BPMNEdge_sid-1399B96D-134C-46C9-A4D6-0C76FFA3E1A4" flowable:sourceDockerX="50.0" flowable:sourceDockerY="40.0" flowable:targetDockerX="50.0" flowable:targetDockerY="40.0">
        <omgdi:waypoint x="325.9499999999907" y="144.0"></omgdi:waypoint>
        <omgdi:waypoint x="370.9999999999807" y="144.0"></omgdi:waypoint>
      </bpmndi:BPMNEdge>
      <bpmndi:BPMNEdge bpmnElement="sid-A76DACC5-DBC1-44E4-B6DB-71E88400DE87" id="BPMNEdge_sid-A76DACC5-DBC1-44E4-B6DB-71E88400DE87" flowable:sourceDockerX="50.0" flowable:sourceDockerY="40.0" flowable:targetDockerX="14.0" flowable:targetDockerY="14.0">
        <omgdi:waypoint x="609.95" y="144.0"></omgdi:waypoint>
        <omgdi:waypoint x="661.0" y="144.0"></omgdi:waypoint>
      </bpmndi:BPMNEdge>
    </bpmndi:BPMNPlane>
  </bpmndi:BPMNDiagram>
</definitions>