<?xml version="1.0" encoding="UTF-8"?>
<definitions xmlns="http://www.omg.org/spec/BPMN/20100524/MODEL" xmlns:xsi="http://www.w3.org/2001/XMLSchema-instance" xmlns:xsd="http://www.w3.org/2001/XMLSchema" xmlns:flowable="http://flowable.org/bpmn" xmlns:bpmndi="http://www.omg.org/spec/BPMN/20100524/DI" xmlns:omgdc="http://www.omg.org/spec/DD/20100524/DC" xmlns:omgdi="http://www.omg.org/spec/DD/20100524/DI" typeLanguage="http://www.w3.org/2001/XMLSchema" expressionLanguage="http://www.w3.org/1999/XPath" targetNamespace="http://www.flowable.org/processdef" exporter="Flowable Open Source Modeler" exporterVersion="6.8.0">
  <process id="leave3" name="请假流程（并行网关）" isExecutable="true">
    <startEvent id="sid-A6AC16A0-29D9-4771-8BA8-3E32B2D5E964"></startEvent>
    <userTask id="sid-A69C7D7A-530F-4352-87BA-D860FD2EA465" name="申请人"></userTask>
    <sequenceFlow id="sid-F9E79905-998B-49D5-B017-0663F9D43D0B" sourceRef="sid-A6AC16A0-29D9-4771-8BA8-3E32B2D5E964" targetRef="sid-A69C7D7A-530F-4352-87BA-D860FD2EA465"></sequenceFlow>
    <sequenceFlow id="sid-C6E899A7-EA66-42E2-B2B0-A633C0A7C87C" sourceRef="sid-A69C7D7A-530F-4352-87BA-D860FD2EA465" targetRef="sid-10A7F2E1-6865-441C-A471-58EDA49EE960"></sequenceFlow>
    <parallelGateway id="sid-10A7F2E1-6865-441C-A471-58EDA49EE960"></parallelGateway>
    <userTask id="sid-F6EC1CAB-2FD7-45DE-B95F-8E1D0D4BB18B" name="综合部门" flowable:assignee="1">
      <extensionElements>
        <modeler:activiti-idm-assignee xmlns:modeler="http://flowable.org/modeler"><![CDATA[true]]></modeler:activiti-idm-assignee>
        <modeler:assignee-info-email xmlns:modeler="http://flowable.org/modeler"><![CDATA[liyang1987jay@163.com]]></modeler:assignee-info-email>
        <modeler:assignee-info-lastname xmlns:modeler="http://flowable.org/modeler"><![CDATA[疯狂的狮子Li]]></modeler:assignee-info-lastname>
        <modeler:initiator-can-complete xmlns:modeler="http://flowable.org/modeler"><![CDATA[false]]></modeler:initiator-can-complete>
      </extensionElements>
    </userTask>
    <sequenceFlow id="sid-5BF7EF08-5806-4E41-B3EA-5697FCC709DF" sourceRef="sid-10A7F2E1-6865-441C-A471-58EDA49EE960" targetRef="sid-F6EC1CAB-2FD7-45DE-B95F-8E1D0D4BB18B"></sequenceFlow>
    <userTask id="sid-B7012509-FACA-4F00-81F1-1F7688F45BDA" name="科研部门" flowable:assignee="1">
      <extensionElements>
        <modeler:activiti-idm-assignee xmlns:modeler="http://flowable.org/modeler"><![CDATA[true]]></modeler:activiti-idm-assignee>
        <modeler:assignee-info-email xmlns:modeler="http://flowable.org/modeler"><![CDATA[liyang1987jay@163.com]]></modeler:assignee-info-email>
        <modeler:assignee-info-lastname xmlns:modeler="http://flowable.org/modeler"><![CDATA[疯狂的狮子Li]]></modeler:assignee-info-lastname>
        <modeler:initiator-can-complete xmlns:modeler="http://flowable.org/modeler"><![CDATA[false]]></modeler:initiator-can-complete>
      </extensionElements>
    </userTask>
    <sequenceFlow id="sid-33D75854-3A75-4E28-9E3D-444F5E85FCE4" sourceRef="sid-10A7F2E1-6865-441C-A471-58EDA49EE960" targetRef="sid-B7012509-FACA-4F00-81F1-1F7688F45BDA"></sequenceFlow>
    <parallelGateway id="sid-A2936E8B-87EC-41BF-964F-71F5857EDC67"></parallelGateway>
    <sequenceFlow id="sid-0BC25F05-422F-416D-A304-87B56C661897" sourceRef="sid-B7012509-FACA-4F00-81F1-1F7688F45BDA" targetRef="sid-A2936E8B-87EC-41BF-964F-71F5857EDC67"></sequenceFlow>
    <sequenceFlow id="sid-A2C012AF-DCED-4F0F-BE46-492C102B8B11" sourceRef="sid-F6EC1CAB-2FD7-45DE-B95F-8E1D0D4BB18B" targetRef="sid-A2936E8B-87EC-41BF-964F-71F5857EDC67"></sequenceFlow>
    <userTask id="sid-C9363106-298B-4E12-B01D-C98A6861334E" name="总经理" flowable:assignee="1">
      <extensionElements>
        <modeler:activiti-idm-assignee xmlns:modeler="http://flowable.org/modeler"><![CDATA[true]]></modeler:activiti-idm-assignee>
        <modeler:assignee-info-email xmlns:modeler="http://flowable.org/modeler"><![CDATA[liyang1987jay@163.com]]></modeler:assignee-info-email>
        <modeler:assignee-info-lastname xmlns:modeler="http://flowable.org/modeler"><![CDATA[疯狂的狮子Li]]></modeler:assignee-info-lastname>
        <modeler:initiator-can-complete xmlns:modeler="http://flowable.org/modeler"><![CDATA[false]]></modeler:initiator-can-complete>
      </extensionElements>
    </userTask>
    <sequenceFlow id="sid-F0D1D415-7BA7-4BC5-A974-7843BEAEB82F" sourceRef="sid-A2936E8B-87EC-41BF-964F-71F5857EDC67" targetRef="sid-C9363106-298B-4E12-B01D-C98A6861334E"></sequenceFlow>
    <endEvent id="sid-CB508B29-2320-44F9-934C-4710693E3957"></endEvent>
    <sequenceFlow id="sid-FD994D3F-E38B-4C73-B727-2A1A86055AF0" sourceRef="sid-C9363106-298B-4E12-B01D-C98A6861334E" targetRef="sid-CB508B29-2320-44F9-934C-4710693E3957"></sequenceFlow>
  </process>
  <bpmndi:BPMNDiagram id="BPMNDiagram_leave3">
    <bpmndi:BPMNPlane bpmnElement="leave3" id="BPMNPlane_leave3">
      <bpmndi:BPMNShape bpmnElement="sid-A6AC16A0-29D9-4771-8BA8-3E32B2D5E964" id="BPMNShape_sid-A6AC16A0-29D9-4771-8BA8-3E32B2D5E964">
        <omgdc:Bounds height="30.0" width="30.0" x="192.0" y="135.0"></omgdc:Bounds>
      </bpmndi:BPMNShape>
      <bpmndi:BPMNShape bpmnElement="sid-A69C7D7A-530F-4352-87BA-D860FD2EA465" id="BPMNShape_sid-A69C7D7A-530F-4352-87BA-D860FD2EA465">
        <omgdc:Bounds height="80.0" width="100.0" x="267.0" y="110.0"></omgdc:Bounds>
      </bpmndi:BPMNShape>
      <bpmndi:BPMNShape bpmnElement="sid-10A7F2E1-6865-441C-A471-58EDA49EE960" id="BPMNShape_sid-10A7F2E1-6865-441C-A471-58EDA49EE960">
        <omgdc:Bounds height="40.0" width="40.0" x="412.0" y="130.0"></omgdc:Bounds>
      </bpmndi:BPMNShape>
      <bpmndi:BPMNShape bpmnElement="sid-F6EC1CAB-2FD7-45DE-B95F-8E1D0D4BB18B" id="BPMNShape_sid-F6EC1CAB-2FD7-45DE-B95F-8E1D0D4BB18B">
        <omgdc:Bounds height="80.0" width="100.0" x="510.0" y="45.0"></omgdc:Bounds>
      </bpmndi:BPMNShape>
      <bpmndi:BPMNShape bpmnElement="sid-B7012509-FACA-4F00-81F1-1F7688F45BDA" id="BPMNShape_sid-B7012509-FACA-4F00-81F1-1F7688F45BDA">
        <omgdc:Bounds height="80.0" width="100.0" x="510.0" y="180.0"></omgdc:Bounds>
      </bpmndi:BPMNShape>
      <bpmndi:BPMNShape bpmnElement="sid-A2936E8B-87EC-41BF-964F-71F5857EDC67" id="BPMNShape_sid-A2936E8B-87EC-41BF-964F-71F5857EDC67">
        <omgdc:Bounds height="40.0" width="40.0" x="675.0" y="135.0"></omgdc:Bounds>
      </bpmndi:BPMNShape>
      <bpmndi:BPMNShape bpmnElement="sid-C9363106-298B-4E12-B01D-C98A6861334E" id="BPMNShape_sid-C9363106-298B-4E12-B01D-C98A6861334E">
        <omgdc:Bounds height="80.0" width="100.0" x="760.0" y="115.0"></omgdc:Bounds>
      </bpmndi:BPMNShape>
      <bpmndi:BPMNShape bpmnElement="sid-CB508B29-2320-44F9-934C-4710693E3957" id="BPMNShape_sid-CB508B29-2320-44F9-934C-4710693E3957">
        <omgdc:Bounds height="28.0" width="28.0" x="905.0" y="141.0"></omgdc:Bounds>
      </bpmndi:BPMNShape>
      <bpmndi:BPMNEdge bpmnElement="sid-FD994D3F-E38B-4C73-B727-2A1A86055AF0" id="BPMNEdge_sid-FD994D3F-E38B-4C73-B727-2A1A86055AF0" flowable:sourceDockerX="50.0" flowable:sourceDockerY="40.0" flowable:targetDockerX="14.0" flowable:targetDockerY="14.0">
        <omgdi:waypoint x="859.949999999996" y="155.0"></omgdi:waypoint>
        <omgdi:waypoint x="905.0" y="155.0"></omgdi:waypoint>
      </bpmndi:BPMNEdge>
      <bpmndi:BPMNEdge bpmnElement="sid-0BC25F05-422F-416D-A304-87B56C661897" id="BPMNEdge_sid-0BC25F05-422F-416D-A304-87B56C661897" flowable:sourceDockerX="50.0" flowable:sourceDockerY="40.0" flowable:targetDockerX="20.0" flowable:targetDockerY="20.0">
        <omgdi:waypoint x="609.95" y="195.92592592592592"></omgdi:waypoint>
        <omgdi:waypoint x="681.5" y="161.48375000000001"></omgdi:waypoint>
      </bpmndi:BPMNEdge>
      <bpmndi:BPMNEdge bpmnElement="sid-F9E79905-998B-49D5-B017-0663F9D43D0B" id="BPMNEdge_sid-F9E79905-998B-49D5-B017-0663F9D43D0B" flowable:sourceDockerX="15.0" flowable:sourceDockerY="15.0" flowable:targetDockerX="50.0" flowable:targetDockerY="40.0">
        <omgdi:waypoint x="221.94999848995764" y="150.0"></omgdi:waypoint>
        <omgdi:waypoint x="266.9999999999917" y="150.0"></omgdi:waypoint>
      </bpmndi:BPMNEdge>
      <bpmndi:BPMNEdge bpmnElement="sid-C6E899A7-EA66-42E2-B2B0-A633C0A7C87C" id="BPMNEdge_sid-C6E899A7-EA66-42E2-B2B0-A633C0A7C87C" flowable:sourceDockerX="50.0" flowable:sourceDockerY="40.0" flowable:targetDockerX="20.5" flowable:targetDockerY="20.5">
        <omgdi:waypoint x="366.9499999999977" y="150.21623376623376"></omgdi:waypoint>
        <omgdi:waypoint x="412.4130434782609" y="150.4130434782609"></omgdi:waypoint>
      </bpmndi:BPMNEdge>
      <bpmndi:BPMNEdge bpmnElement="sid-5BF7EF08-5806-4E41-B3EA-5697FCC709DF" id="BPMNEdge_sid-5BF7EF08-5806-4E41-B3EA-5697FCC709DF" flowable:sourceDockerX="20.5" flowable:sourceDockerY="20.5" flowable:targetDockerX="50.0" flowable:targetDockerY="40.0">
        <omgdi:waypoint x="451.4305041152263" y="150.5"></omgdi:waypoint>
        <omgdi:waypoint x="481.0" y="150.5"></omgdi:waypoint>
        <omgdi:waypoint x="481.0" y="85.0"></omgdi:waypoint>
        <omgdi:waypoint x="510.0" y="85.0"></omgdi:waypoint>
      </bpmndi:BPMNEdge>
      <bpmndi:BPMNEdge bpmnElement="sid-F0D1D415-7BA7-4BC5-A974-7843BEAEB82F" id="BPMNEdge_sid-F0D1D415-7BA7-4BC5-A974-7843BEAEB82F" flowable:sourceDockerX="20.5" flowable:sourceDockerY="20.5" flowable:targetDockerX="50.0" flowable:targetDockerY="40.0">
        <omgdi:waypoint x="714.5247370727355" y="155.41666666666666"></omgdi:waypoint>
        <omgdi:waypoint x="759.9999999999953" y="155.21812227074238"></omgdi:waypoint>
      </bpmndi:BPMNEdge>
      <bpmndi:BPMNEdge bpmnElement="sid-33D75854-3A75-4E28-9E3D-444F5E85FCE4" id="BPMNEdge_sid-33D75854-3A75-4E28-9E3D-444F5E85FCE4" flowable:sourceDockerX="20.5" flowable:sourceDockerY="20.5" flowable:targetDockerX="50.0" flowable:targetDockerY="40.0">
        <omgdi:waypoint x="451.4305041152263" y="150.5"></omgdi:waypoint>
        <omgdi:waypoint x="481.0" y="150.5"></omgdi:waypoint>
        <omgdi:waypoint x="481.0" y="220.0"></omgdi:waypoint>
        <omgdi:waypoint x="509.99999999996703" y="220.0"></omgdi:waypoint>
      </bpmndi:BPMNEdge>
      <bpmndi:BPMNEdge bpmnElement="sid-A2C012AF-DCED-4F0F-BE46-492C102B8B11" id="BPMNEdge_sid-A2C012AF-DCED-4F0F-BE46-492C102B8B11" flowable:sourceDockerX="50.0" flowable:sourceDockerY="40.0" flowable:targetDockerX="20.5" flowable:targetDockerY="20.5">
        <omgdi:waypoint x="609.95" y="110.98874538745392"></omgdi:waypoint>
        <omgdi:waypoint x="681.6727316836486" y="148.3131067961165"></omgdi:waypoint>
      </bpmndi:BPMNEdge>
    </bpmndi:BPMNPlane>
  </bpmndi:BPMNDiagram>
</definitions>