<?xml version="1.0" encoding="UTF-8"?>
<definitions xmlns="http://www.omg.org/spec/BPMN/20100524/MODEL" xmlns:xsi="http://www.w3.org/2001/XMLSchema-instance" xmlns:xsd="http://www.w3.org/2001/XMLSchema" xmlns:flowable="http://flowable.org/bpmn" xmlns:bpmndi="http://www.omg.org/spec/BPMN/20100524/DI" xmlns:omgdc="http://www.omg.org/spec/DD/20100524/DC" xmlns:omgdi="http://www.omg.org/spec/DD/20100524/DI" typeLanguage="http://www.w3.org/2001/XMLSchema" expressionLanguage="http://www.w3.org/1999/XPath" targetNamespace="http://www.flowable.org/processdef" exporter="Flowable Open Source Modeler" exporterVersion="6.8.0">
  <process id="leave5" name="请假流程（会签）" isExecutable="true">
    <startEvent id="sid-FD7961DF-C94E-4949-B24F-58FDC62C7053"></startEvent>
    <userTask id="sid-5664ED13-D00E-4792-BBB0-E0790346FEB2" name="申请人"></userTask>
    <sequenceFlow id="sid-B6AD2EFC-C16D-4456-95C9-52F6DE035E50" sourceRef="sid-FD7961DF-C94E-4949-B24F-58FDC62C7053" targetRef="sid-5664ED13-D00E-4792-BBB0-E0790346FEB2"></sequenceFlow>
    <userTask id="sid-40A048BF-26FF-4300-A4BF-A804BD98838A" name="并行会签" flowable:assignee="${user}">
      <extensionElements>
        <modeler:initiator-can-complete xmlns:modeler="http://flowable.org/modeler"><![CDATA[false]]></modeler:initiator-can-complete>
      </extensionElements>
      <multiInstanceLoopCharacteristics isSequential="false" flowable:collection="userList" flowable:elementVariable="user">
        <extensionElements></extensionElements>
      </multiInstanceLoopCharacteristics>
    </userTask>
    <sequenceFlow id="sid-756D1CC3-DF73-49A9-84E5-20B332D3E9DF" sourceRef="sid-5664ED13-D00E-4792-BBB0-E0790346FEB2" targetRef="sid-40A048BF-26FF-4300-A4BF-A804BD98838A"></sequenceFlow>
    <userTask id="sid-42D78B6A-F33A-4E73-A996-235A08E7EA98" name="串行会签" flowable:assignee="${user}">
      <extensionElements>
        <modeler:initiator-can-complete xmlns:modeler="http://flowable.org/modeler"><![CDATA[false]]></modeler:initiator-can-complete>
      </extensionElements>
      <multiInstanceLoopCharacteristics isSequential="true" flowable:collection="userList" flowable:elementVariable="user">
        <extensionElements></extensionElements>
      </multiInstanceLoopCharacteristics>
    </userTask>
    <sequenceFlow id="sid-44120459-78B9-43A7-806F-8E1D6D9CE7A7" sourceRef="sid-40A048BF-26FF-4300-A4BF-A804BD98838A" targetRef="sid-42D78B6A-F33A-4E73-A996-235A08E7EA98"></sequenceFlow>
    <userTask id="sid-65007C1A-2BAE-434D-A5FB-C59B533A7635" name="总经理" flowable:assignee="1">
      <extensionElements>
        <modeler:activiti-idm-assignee xmlns:modeler="http://flowable.org/modeler"><![CDATA[true]]></modeler:activiti-idm-assignee>
        <modeler:assignee-info-email xmlns:modeler="http://flowable.org/modeler"><![CDATA[liyang1987jay@163.com]]></modeler:assignee-info-email>
        <modeler:assignee-info-lastname xmlns:modeler="http://flowable.org/modeler"><![CDATA[疯狂的狮子Li]]></modeler:assignee-info-lastname>
        <modeler:initiator-can-complete xmlns:modeler="http://flowable.org/modeler"><![CDATA[false]]></modeler:initiator-can-complete>
      </extensionElements>
    </userTask>
    <sequenceFlow id="sid-27C0F360-43E2-4EF7-8A14-EE7709EFEACD" sourceRef="sid-42D78B6A-F33A-4E73-A996-235A08E7EA98" targetRef="sid-65007C1A-2BAE-434D-A5FB-C59B533A7635"></sequenceFlow>
    <endEvent id="sid-A6542D42-6295-47B2-B8E0-1CFB5E73316D"></endEvent>
    <sequenceFlow id="sid-EBA52341-FE46-4430-8BDE-1D36381AF55D" sourceRef="sid-65007C1A-2BAE-434D-A5FB-C59B533A7635" targetRef="sid-A6542D42-6295-47B2-B8E0-1CFB5E73316D"></sequenceFlow>
  </process>
  <bpmndi:BPMNDiagram id="BPMNDiagram_leave5">
    <bpmndi:BPMNPlane bpmnElement="leave5" id="BPMNPlane_leave5">
      <bpmndi:BPMNShape bpmnElement="sid-FD7961DF-C94E-4949-B24F-58FDC62C7053" id="BPMNShape_sid-FD7961DF-C94E-4949-B24F-58FDC62C7053">
        <omgdc:Bounds height="30.0" width="30.0" x="185.0" y="137.0"></omgdc:Bounds>
      </bpmndi:BPMNShape>
      <bpmndi:BPMNShape bpmnElement="sid-5664ED13-D00E-4792-BBB0-E0790346FEB2" id="BPMNShape_sid-5664ED13-D00E-4792-BBB0-E0790346FEB2">
        <omgdc:Bounds height="80.0" width="100.0" x="260.0" y="112.0"></omgdc:Bounds>
      </bpmndi:BPMNShape>
      <bpmndi:BPMNShape bpmnElement="sid-40A048BF-26FF-4300-A4BF-A804BD98838A" id="BPMNShape_sid-40A048BF-26FF-4300-A4BF-A804BD98838A">
        <omgdc:Bounds height="80.0" width="100.0" x="405.0" y="112.0"></omgdc:Bounds>
      </bpmndi:BPMNShape>
      <bpmndi:BPMNShape bpmnElement="sid-42D78B6A-F33A-4E73-A996-235A08E7EA98" id="BPMNShape_sid-42D78B6A-F33A-4E73-A996-235A08E7EA98">
        <omgdc:Bounds height="80.0" width="100.0" x="550.0" y="112.0"></omgdc:Bounds>
      </bpmndi:BPMNShape>
      <bpmndi:BPMNShape bpmnElement="sid-65007C1A-2BAE-434D-A5FB-C59B533A7635" id="BPMNShape_sid-65007C1A-2BAE-434D-A5FB-C59B533A7635">
        <omgdc:Bounds height="80.0" width="100.0" x="695.0" y="112.0"></omgdc:Bounds>
      </bpmndi:BPMNShape>
      <bpmndi:BPMNShape bpmnElement="sid-A6542D42-6295-47B2-B8E0-1CFB5E73316D" id="BPMNShape_sid-A6542D42-6295-47B2-B8E0-1CFB5E73316D">
        <omgdc:Bounds height="28.0" width="28.0" x="840.0" y="138.0"></omgdc:Bounds>
      </bpmndi:BPMNShape>
      <bpmndi:BPMNEdge bpmnElement="sid-B6AD2EFC-C16D-4456-95C9-52F6DE035E50" id="BPMNEdge_sid-B6AD2EFC-C16D-4456-95C9-52F6DE035E50" flowable:sourceDockerX="15.0" flowable:sourceDockerY="15.0" flowable:targetDockerX="50.0" flowable:targetDockerY="40.0">
        <omgdi:waypoint x="214.94999848995764" y="152.0"></omgdi:waypoint>
        <omgdi:waypoint x="260.0" y="152.0"></omgdi:waypoint>
      </bpmndi:BPMNEdge>
      <bpmndi:BPMNEdge bpmnElement="sid-EBA52341-FE46-4430-8BDE-1D36381AF55D" id="BPMNEdge_sid-EBA52341-FE46-4430-8BDE-1D36381AF55D" flowable:sourceDockerX="50.0" flowable:sourceDockerY="40.0" flowable:targetDockerX="14.0" flowable:targetDockerY="14.0">
        <omgdi:waypoint x="794.9499999999999" y="152.0"></omgdi:waypoint>
        <omgdi:waypoint x="840.0" y="152.0"></omgdi:waypoint>
      </bpmndi:BPMNEdge>
      <bpmndi:BPMNEdge bpmnElement="sid-27C0F360-43E2-4EF7-8A14-EE7709EFEACD" id="BPMNEdge_sid-27C0F360-43E2-4EF7-8A14-EE7709EFEACD" flowable:sourceDockerX="50.0" flowable:sourceDockerY="40.0" flowable:targetDockerX="50.0" flowable:targetDockerY="40.0">
        <omgdi:waypoint x="649.9499999999907" y="152.0"></omgdi:waypoint>
        <omgdi:waypoint x="694.9999999999807" y="152.0"></omgdi:waypoint>
      </bpmndi:BPMNEdge>
      <bpmndi:BPMNEdge bpmnElement="sid-756D1CC3-DF73-49A9-84E5-20B332D3E9DF" id="BPMNEdge_sid-756D1CC3-DF73-49A9-84E5-20B332D3E9DF" flowable:sourceDockerX="50.0" flowable:sourceDockerY="40.0" flowable:targetDockerX="50.0" flowable:targetDockerY="40.0">
        <omgdi:waypoint x="359.95000000000005" y="152.0"></omgdi:waypoint>
        <omgdi:waypoint x="405.0" y="152.0"></omgdi:waypoint>
      </bpmndi:BPMNEdge>
      <bpmndi:BPMNEdge bpmnElement="sid-44120459-78B9-43A7-806F-8E1D6D9CE7A7" id="BPMNEdge_sid-44120459-78B9-43A7-806F-8E1D6D9CE7A7" flowable:sourceDockerX="50.0" flowable:sourceDockerY="40.0" flowable:targetDockerX="50.0" flowable:targetDockerY="40.0">
        <omgdi:waypoint x="504.94999999999067" y="152.0"></omgdi:waypoint>
        <omgdi:waypoint x="549.9999999999807" y="152.0"></omgdi:waypoint>
      </bpmndi:BPMNEdge>
    </bpmndi:BPMNPlane>
  </bpmndi:BPMNDiagram>
</definitions>