<?xml version="1.0" encoding="UTF-8"?>
<definitions xmlns="http://www.omg.org/spec/BPMN/20100524/MODEL" xmlns:xsi="http://www.w3.org/2001/XMLSchema-instance" xmlns:xsd="http://www.w3.org/2001/XMLSchema" xmlns:flowable="http://flowable.org/bpmn" xmlns:bpmndi="http://www.omg.org/spec/BPMN/20100524/DI" xmlns:omgdc="http://www.omg.org/spec/DD/20100524/DC" xmlns:omgdi="http://www.omg.org/spec/DD/20100524/DI" typeLanguage="http://www.w3.org/2001/XMLSchema" expressionLanguage="http://www.w3.org/1999/XPath" targetNamespace="http://www.flowable.org/processdef" exporter="Flowable Open Source Modeler" exporterVersion="6.8.0">
  <process id="leave4" name="请假流程（包容网关）" isExecutable="true">
    <startEvent id="sid-48C186F7-E95A-4F60-8B3B-58F4DF510544"></startEvent>
    <userTask id="sid-68F222E3-33B5-4308-87ED-D4A2E96F125C" name="申请人"></userTask>
    <sequenceFlow id="sid-0765F3AF-9148-401C-844A-8FD4D6FCE942" sourceRef="sid-48C186F7-E95A-4F60-8B3B-58F4DF510544" targetRef="sid-68F222E3-33B5-4308-87ED-D4A2E96F125C"></sequenceFlow>
    <sequenceFlow id="sid-A4594D2F-0F9B-4CC5-96B0-391C87E6B4AC" sourceRef="sid-68F222E3-33B5-4308-87ED-D4A2E96F125C" targetRef="sid-885C9AAD-1730-41FC-9DC6-6AF0265A623E"></sequenceFlow>
    <inclusiveGateway id="sid-885C9AAD-1730-41FC-9DC6-6AF0265A623E"></inclusiveGateway>
    <userTask id="sid-1A4AA0EE-3008-4C8E-98D3-CC64BCFE7440" name="科研部门" flowable:assignee="1">
      <extensionElements>
        <modeler:activiti-idm-assignee xmlns:modeler="http://flowable.org/modeler"><![CDATA[true]]></modeler:activiti-idm-assignee>
        <modeler:assignee-info-email xmlns:modeler="http://flowable.org/modeler"><![CDATA[liyang1987jay@163.com]]></modeler:assignee-info-email>
        <modeler:assignee-info-lastname xmlns:modeler="http://flowable.org/modeler"><![CDATA[疯狂的狮子Li]]></modeler:assignee-info-lastname>
        <modeler:initiator-can-complete xmlns:modeler="http://flowable.org/modeler"><![CDATA[false]]></modeler:initiator-can-complete>
      </extensionElements>
    </userTask>
    <userTask id="sid-2BD3B2FA-80C3-4450-9458-253C1CC83094" name="综合部门" flowable:assignee="1">
      <extensionElements>
        <modeler:activiti-idm-assignee xmlns:modeler="http://flowable.org/modeler"><![CDATA[true]]></modeler:activiti-idm-assignee>
        <modeler:assignee-info-email xmlns:modeler="http://flowable.org/modeler"><![CDATA[liyang1987jay@163.com]]></modeler:assignee-info-email>
        <modeler:assignee-info-lastname xmlns:modeler="http://flowable.org/modeler"><![CDATA[疯狂的狮子Li]]></modeler:assignee-info-lastname>
        <modeler:initiator-can-complete xmlns:modeler="http://flowable.org/modeler"><![CDATA[false]]></modeler:initiator-can-complete>
      </extensionElements>
    </userTask>
    <sequenceFlow id="sid-5FC65870-CC4B-4B46-87B6-8F14AEDB29C8" sourceRef="sid-885C9AAD-1730-41FC-9DC6-6AF0265A623E" targetRef="sid-1A4AA0EE-3008-4C8E-98D3-CC64BCFE7440"></sequenceFlow>
    <inclusiveGateway id="sid-6201C6E6-3946-4316-A393-211B47DE7446"></inclusiveGateway>
    <sequenceFlow id="sid-31B60135-C1D2-4685-BD41-B72FF3E2224A" sourceRef="sid-1A4AA0EE-3008-4C8E-98D3-CC64BCFE7440" targetRef="sid-6201C6E6-3946-4316-A393-211B47DE7446"></sequenceFlow>
    <sequenceFlow id="sid-EC403643-F967-46F4-B3B3-CDAB26CEE0B7" sourceRef="sid-2BD3B2FA-80C3-4450-9458-253C1CC83094" targetRef="sid-6201C6E6-3946-4316-A393-211B47DE7446"></sequenceFlow>
    <userTask id="sid-AE8C4A0B-9369-4D73-B02C-8E40DF9CD698" name="总经理" flowable:assignee="1">
      <extensionElements>
        <modeler:activiti-idm-assignee xmlns:modeler="http://flowable.org/modeler"><![CDATA[true]]></modeler:activiti-idm-assignee>
        <modeler:assignee-info-email xmlns:modeler="http://flowable.org/modeler"><![CDATA[liyang1987jay@163.com]]></modeler:assignee-info-email>
        <modeler:assignee-info-lastname xmlns:modeler="http://flowable.org/modeler"><![CDATA[疯狂的狮子Li]]></modeler:assignee-info-lastname>
        <modeler:initiator-can-complete xmlns:modeler="http://flowable.org/modeler"><![CDATA[false]]></modeler:initiator-can-complete>
      </extensionElements>
    </userTask>
    <sequenceFlow id="sid-CE61E8DC-3740-42E9-8B32-17B40767F8DA" sourceRef="sid-6201C6E6-3946-4316-A393-211B47DE7446" targetRef="sid-AE8C4A0B-9369-4D73-B02C-8E40DF9CD698"></sequenceFlow>
    <endEvent id="sid-E4E32DA1-7FDD-47D2-B542-AC2D6AFED01D"></endEvent>
    <sequenceFlow id="sid-7D5A0BD3-BB20-48EB-AAB5-A5124E7DA4A1" sourceRef="sid-AE8C4A0B-9369-4D73-B02C-8E40DF9CD698" targetRef="sid-E4E32DA1-7FDD-47D2-B542-AC2D6AFED01D"></sequenceFlow>
    <sequenceFlow id="sid-1BDE9E86-2C7C-4809-A369-F2E3AEE47F90" name="大于两天" sourceRef="sid-885C9AAD-1730-41FC-9DC6-6AF0265A623E" targetRef="sid-2BD3B2FA-80C3-4450-9458-253C1CC83094">
      <conditionExpression xsi:type="tFormalExpression"><![CDATA[${entity.leaveDays > 2}]]></conditionExpression>
    </sequenceFlow>
  </process>
  <bpmndi:BPMNDiagram id="BPMNDiagram_leave4">
    <bpmndi:BPMNPlane bpmnElement="leave4" id="BPMNPlane_leave4">
      <bpmndi:BPMNShape bpmnElement="sid-48C186F7-E95A-4F60-8B3B-58F4DF510544" id="BPMNShape_sid-48C186F7-E95A-4F60-8B3B-58F4DF510544">
        <omgdc:Bounds height="30.0" width="30.0" x="167.0" y="115.0"></omgdc:Bounds>
      </bpmndi:BPMNShape>
      <bpmndi:BPMNShape bpmnElement="sid-68F222E3-33B5-4308-87ED-D4A2E96F125C" id="BPMNShape_sid-68F222E3-33B5-4308-87ED-D4A2E96F125C">
        <omgdc:Bounds height="80.0" width="100.0" x="242.0" y="90.0"></omgdc:Bounds>
      </bpmndi:BPMNShape>
      <bpmndi:BPMNShape bpmnElement="sid-885C9AAD-1730-41FC-9DC6-6AF0265A623E" id="BPMNShape_sid-885C9AAD-1730-41FC-9DC6-6AF0265A623E">
        <omgdc:Bounds height="40.0" width="40.0" x="387.0" y="110.0"></omgdc:Bounds>
      </bpmndi:BPMNShape>
      <bpmndi:BPMNShape bpmnElement="sid-1A4AA0EE-3008-4C8E-98D3-CC64BCFE7440" id="BPMNShape_sid-1A4AA0EE-3008-4C8E-98D3-CC64BCFE7440">
        <omgdc:Bounds height="80.0" width="100.0" x="495.0" y="150.0"></omgdc:Bounds>
      </bpmndi:BPMNShape>
      <bpmndi:BPMNShape bpmnElement="sid-2BD3B2FA-80C3-4450-9458-253C1CC83094" id="BPMNShape_sid-2BD3B2FA-80C3-4450-9458-253C1CC83094">
        <omgdc:Bounds height="80.0" width="100.0" x="495.0" y="30.0"></omgdc:Bounds>
      </bpmndi:BPMNShape>
      <bpmndi:BPMNShape bpmnElement="sid-6201C6E6-3946-4316-A393-211B47DE7446" id="BPMNShape_sid-6201C6E6-3946-4316-A393-211B47DE7446">
        <omgdc:Bounds height="40.0" width="40.0" x="690.0" y="110.0"></omgdc:Bounds>
      </bpmndi:BPMNShape>
      <bpmndi:BPMNShape bpmnElement="sid-AE8C4A0B-9369-4D73-B02C-8E40DF9CD698" id="BPMNShape_sid-AE8C4A0B-9369-4D73-B02C-8E40DF9CD698">
        <omgdc:Bounds height="80.0" width="100.0" x="775.0" y="90.0"></omgdc:Bounds>
      </bpmndi:BPMNShape>
      <bpmndi:BPMNShape bpmnElement="sid-E4E32DA1-7FDD-47D2-B542-AC2D6AFED01D" id="BPMNShape_sid-E4E32DA1-7FDD-47D2-B542-AC2D6AFED01D">
        <omgdc:Bounds height="28.0" width="28.0" x="920.0" y="116.0"></omgdc:Bounds>
      </bpmndi:BPMNShape>
      <bpmndi:BPMNEdge bpmnElement="sid-0765F3AF-9148-401C-844A-8FD4D6FCE942" id="BPMNEdge_sid-0765F3AF-9148-401C-844A-8FD4D6FCE942" flowable:sourceDockerX="15.0" flowable:sourceDockerY="15.0" flowable:targetDockerX="50.0" flowable:targetDockerY="40.0">
        <omgdi:waypoint x="196.94999848995764" y="130.0"></omgdi:waypoint>
        <omgdi:waypoint x="242.0" y="130.0"></omgdi:waypoint>
      </bpmndi:BPMNEdge>
      <bpmndi:BPMNEdge bpmnElement="sid-CE61E8DC-3740-42E9-8B32-17B40767F8DA" id="BPMNEdge_sid-CE61E8DC-3740-42E9-8B32-17B40767F8DA" flowable:sourceDockerX="20.5" flowable:sourceDockerY="20.5" flowable:targetDockerX="50.0" flowable:targetDockerY="40.0">
        <omgdi:waypoint x="729.5247370727355" y="130.41666666666666"></omgdi:waypoint>
        <omgdi:waypoint x="774.9999999999953" y="130.21812227074236"></omgdi:waypoint>
      </bpmndi:BPMNEdge>
      <bpmndi:BPMNEdge bpmnElement="sid-EC403643-F967-46F4-B3B3-CDAB26CEE0B7" id="BPMNEdge_sid-EC403643-F967-46F4-B3B3-CDAB26CEE0B7" flowable:sourceDockerX="50.0" flowable:sourceDockerY="40.0" flowable:targetDockerX="20.0" flowable:targetDockerY="20.0">
        <omgdi:waypoint x="594.95" y="88.16363636363637"></omgdi:waypoint>
        <omgdi:waypoint x="695.3120835184362" y="124.66666666666667"></omgdi:waypoint>
      </bpmndi:BPMNEdge>
      <bpmndi:BPMNEdge bpmnElement="sid-1BDE9E86-2C7C-4809-A369-F2E3AEE47F90" id="BPMNEdge_sid-1BDE9E86-2C7C-4809-A369-F2E3AEE47F90" flowable:sourceDockerX="20.5" flowable:sourceDockerY="20.5" flowable:targetDockerX="50.0" flowable:targetDockerY="40.0">
        <omgdi:waypoint x="421.3541666666667" y="124.38888888888889"></omgdi:waypoint>
        <omgdi:waypoint x="495.0" y="91.978"></omgdi:waypoint>
      </bpmndi:BPMNEdge>
      <bpmndi:BPMNEdge bpmnElement="sid-A4594D2F-0F9B-4CC5-96B0-391C87E6B4AC" id="BPMNEdge_sid-A4594D2F-0F9B-4CC5-96B0-391C87E6B4AC" flowable:sourceDockerX="50.0" flowable:sourceDockerY="40.0" flowable:targetDockerX="20.5" flowable:targetDockerY="20.5">
        <omgdi:waypoint x="341.94999999999806" y="130.2162337662338"></omgdi:waypoint>
        <omgdi:waypoint x="387.4130434782609" y="130.41304347826087"></omgdi:waypoint>
      </bpmndi:BPMNEdge>
      <bpmndi:BPMNEdge bpmnElement="sid-7D5A0BD3-BB20-48EB-AAB5-A5124E7DA4A1" id="BPMNEdge_sid-7D5A0BD3-BB20-48EB-AAB5-A5124E7DA4A1" flowable:sourceDockerX="50.0" flowable:sourceDockerY="40.0" flowable:targetDockerX="14.0" flowable:targetDockerY="14.0">
        <omgdi:waypoint x="874.949999999996" y="130.0"></omgdi:waypoint>
        <omgdi:waypoint x="920.0" y="130.0"></omgdi:waypoint>
      </bpmndi:BPMNEdge>
      <bpmndi:BPMNEdge bpmnElement="sid-31B60135-C1D2-4685-BD41-B72FF3E2224A" id="BPMNEdge_sid-31B60135-C1D2-4685-BD41-B72FF3E2224A" flowable:sourceDockerX="50.0" flowable:sourceDockerY="40.0" flowable:targetDockerX="20.0" flowable:targetDockerY="20.0">
        <omgdi:waypoint x="594.9499999999999" y="171.8181818181818"></omgdi:waypoint>
        <omgdi:waypoint x="695.3333333333333" y="135.32"></omgdi:waypoint>
      </bpmndi:BPMNEdge>
      <bpmndi:BPMNEdge bpmnElement="sid-5FC65870-CC4B-4B46-87B6-8F14AEDB29C8" id="BPMNEdge_sid-5FC65870-CC4B-4B46-87B6-8F14AEDB29C8" flowable:sourceDockerX="20.5" flowable:sourceDockerY="20.5" flowable:targetDockerX="50.0" flowable:targetDockerY="40.0">
        <omgdi:waypoint x="420.72461948249617" y="136.2234771573604"></omgdi:waypoint>
        <omgdi:waypoint x="495.0" y="168.36363636363637"></omgdi:waypoint>
      </bpmndi:BPMNEdge>
    </bpmndi:BPMNPlane>
  </bpmndi:BPMNDiagram>
</definitions>